{"subastas": [
    {
        "idListaPiezasSubasta": [
            "La Noche Estrellada",
            "Guernica"
        ],
        "id": "2",
        "listaOfertas": []
    },
    {
        "idListaPiezasSubasta": [
            "Las meninas",
            "La monalisa"
        ],
        "id": "1",
        "listaOfertas": [{
            "valorOfertado": 4110000,
            "metodoPago": "efectivo",
            "fecha": "20/09/2023",
            "nombrepiezaSubastada": "La monalisa",
            "compradorLogin": "nikol_comprador"
        }]
    }
]}