{"usuarios": [
    {
        "verificado": true,
        "valores_especiales": {"soyAdmin": true},
        "password": "Admin",
        "login": "tatiana_administrador",
        "telefono": "56789",
        "nombre": "tatiana",
        "rol": "administrador"
    },
    {
        "verificado": true,
        "valores_especiales": {"comprasRegistradas": []},
        "password": "Transferencia",
        "login": "bri_cajero",
        "telefono": "344323456",
        "nombre": "bri",
        "rol": "cajero"
    },
    {
        "verificado": true,
        "valores_especiales": {
            "idSubastas": [],
            "soyAdmin": true
        },
        "password": "Galeria",
        "login": "bri_operador",
        "telefono": "2345653",
        "nombre": "bri",
        "rol": "operador"
    },
    {
        "verificado": true,
        "valores_especiales": {
            "maxCompras": 9349894892440208248240,
            "mora": false,
            "mensajesSubasta": [],
            "estadoCuenta": 6.0E+23,
            "idPiezasCompradas": [],
            "historialCompras": []
        },
        "password": "alejandro",
        "login": "alejandro_comprador",
        "telefono": "43214567",
        "nombre": "alejandro",
        "rol": "comprador"
    },
    {
        "verificado": false,
        "valores_especiales": {
            "idPiezasActuales": [],
            "historialPiezas": []
        },
        "password": "alejandro",
        "login": "alejandro_propietario",
        "telefono": "43214567",
        "nombre": "alejandro",
        "rol": "propietario"
    },
    {
        "verificado": true,
        "valores_especiales": {
            "maxCompras": 3455353355335464758865,
            "mora": false,
            "mensajesSubasta": [],
            "estadoCuenta": 4.5678652E+16,
            "idPiezasCompradas": [],
            "historialCompras": []
        },
        "password": "michel",
        "login": "michel_comprador",
        "telefono": "michel",
        "nombre": "michel",
        "rol": "comprador"
    },
    {
        "verificado": false,
        "valores_especiales": {
            "idPiezasActuales": [],
            "historialPiezas": []
        },
        "password": "michel",
        "login": "michel_propietario",
        "telefono": "michel",
        "nombre": "michel",
        "rol": "propietario"
    },
    {
        "verificado": true,
        "valores_especiales": {
            "maxCompras": 785949439393939939393,
            "mora": false,
            "mensajesSubasta": [],
            "estadoCuenta": 1.2365445E+21,
            "idPiezasCompradas": [],
            "historialCompras": []
        },
        "password": "alejandra",
        "login": "alejandra_comprador",
        "telefono": "12345432167",
        "nombre": "alejandra",
        "rol": "comprador"
    },
    {
        "verificado": true,
        "valores_especiales": {
            "maxCompras": 13945853895839589583598593,
            "mora": false,
            "mensajesSubasta": [],
            "estadoCuenta": 1.2345655E+16,
            "idPiezasCompradas": [],
            "historialCompras": []
        },
        "password": "claudia",
        "login": "claudia_comprador",
        "telefono": "1234543678",
        "nombre": "claudia",
        "rol": "comprador"
    },
    {
        "verificado": false,
        "valores_especiales": {
            "idPiezasActuales": [],
            "historialPiezas": []
        },
        "password": "claudia",
        "login": "claudia_propietario",
        "telefono": "1234543678",
        "nombre": "claudia",
        "rol": "propietario"
    },
    {
        "verificado": true,
        "valores_especiales": {
            "maxCompras": 0,
            "mora": false,
            "mensajesSubasta": [],
            "estadoCuenta": 1.2345678E+20,
            "idPiezasCompradas": [],
            "historialCompras": []
        },
        "password": "daniel",
        "login": "daniel_comprador",
        "telefono": "12675467854",
        "nombre": "daniel",
        "rol": "comprador"
    },
    {
        "verificado": false,
        "valores_especiales": {
            "idPiezasActuales": [],
            "historialPiezas": []
        },
        "password": "daniel",
        "login": "daniel_propietario",
        "telefono": "12675467854",
        "nombre": "daniel",
        "rol": "propietario"
    },
    {
        "verificado": true,
        "valores_especiales": {
            "maxCompras": 0,
            "mora": false,
            "mensajesSubasta": [],
            "estadoCuenta": 1.2345678E+21,
            "idPiezasCompradas": [],
            "historialCompras": []
        },
        "password": "jhon",
        "login": "jhon_comprador",
        "telefono": "12346743356",
        "nombre": "jhon",
        "rol": "comprador"
    },
    {
        "verificado": false,
        "valores_especiales": {
            "idPiezasActuales": [],
            "historialPiezas": []
        },
        "password": "jhon",
        "login": "jhon_propietario",
        "telefono": "12346743356",
        "nombre": "jhon",
        "rol": "propietario"
    },
    {
        "verificado": true,
        "valores_especiales": {
            "maxCompras": 0,
            "mora": false,
            "mensajesSubasta": [],
            "estadoCuenta": 1.2345654E+20,
            "idPiezasCompradas": [],
            "historialCompras": []
        },
        "password": "silvana",
        "login": "silvana_comprador",
        "telefono": "12356754335",
        "nombre": "silvana",
        "rol": "comprador"
    },
    {
        "verificado": false,
        "valores_especiales": {
            "idPiezasActuales": [],
            "historialPiezas": []
        },
        "password": "silvana",
        "login": "silvana_propietario",
        "telefono": "12356754335",
        "nombre": "silvana",
        "rol": "propietario"
    },
    {
        "verificado": true,
        "valores_especiales": {
            "maxCompras": 0,
            "mora": false,
            "mensajesSubasta": [],
            "estadoCuenta": 1.3469877E+20,
            "idPiezasCompradas": [],
            "historialCompras": []
        },
        "password": "valentina",
        "login": "valentina_comprador",
        "telefono": "125875577545",
        "nombre": "valentina",
        "rol": "comprador"
    },
    {
        "verificado": false,
        "valores_especiales": {
            "idPiezasActuales": [],
            "historialPiezas": []
        },
        "password": "valentina",
        "login": "valentina_propietario",
        "telefono": "125875577545",
        "nombre": "valentina",
        "rol": "propietario"
    },
    {
        "verificado": true,
        "valores_especiales": {"soyAdmin": true},
        "password": "Admin",
        "login": "julian_administrador",
        "telefono": "23421367",
        "nombre": "julian",
        "rol": "administrador"
    },
    {
        "verificado": true,
        "valores_especiales": {
            "maxCompras": 2.3456654E+8,
            "mora": false,
            "mensajesSubasta": [],
            "estadoCuenta": 1.2339484E+9,
            "idPiezasCompradas": [],
            "historialCompras": []
        },
        "password": "gladys",
        "login": "gladys_comprador",
        "telefono": "12387544",
        "nombre": "gladys",
        "rol": "comprador"
    },
    {
        "verificado": true,
        "valores_especiales": {
            "maxCompras": 2.3456654E+8,
            "mora": false,
            "mensajesSubasta": [],
            "estadoCuenta": 1.2339484E+9,
            "idPiezasCompradas": [],
            "historialCompras": []
        },
        "password": "gladys",
        "login": "gladys_comprador",
        "telefono": "12387544",
        "nombre": "gladys",
        "rol": "comprador"
    },
    {
        "verificado": true,
        "valores_especiales": {
            "maxCompras": 2.3456654E+8,
            "mora": false,
            "mensajesSubasta": [],
            "estadoCuenta": 1.2339484E+9,
            "idPiezasCompradas": [],
            "historialCompras": []
        },
        "password": "gladys",
        "login": "gladys_comprador",
        "telefono": "12387544",
        "nombre": "gladys",
        "rol": "comprador"
    },
    {
        "verificado": true,
        "valores_especiales": {
            "maxCompras": 2.3456654E+8,
            "mora": false,
            "mensajesSubasta": [],
            "estadoCuenta": 1.2339484E+9,
            "idPiezasCompradas": [],
            "historialCompras": []
        },
        "password": "gladys",
        "login": "gladys_comprador",
        "telefono": "12387544",
        "nombre": "gladys",
        "rol": "comprador"
    },
    {
        "verificado": true,
        "valores_especiales": {
            "maxCompras": 2.3456654E+8,
            "mora": false,
            "mensajesSubasta": [],
            "estadoCuenta": 1.2339484E+9,
            "idPiezasCompradas": [],
            "historialCompras": []
        },
        "password": "gladys",
        "login": "gladys_comprador",
        "telefono": "12387544",
        "nombre": "gladys",
        "rol": "comprador"
    },
    {
        "verificado": true,
        "valores_especiales": {
            "maxCompras": 2.3456654E+8,
            "mora": false,
            "mensajesSubasta": [],
            "estadoCuenta": 1.2339484E+9,
            "idPiezasCompradas": [],
            "historialCompras": []
        },
        "password": "gladys",
        "login": "gladys_comprador",
        "telefono": "12387544",
        "nombre": "gladys",
        "rol": "comprador"
    },
    {
        "verificado": true,
        "valores_especiales": {
            "maxCompras": 2.3456654E+8,
            "mora": false,
            "mensajesSubasta": [],
            "estadoCuenta": 1.2339484E+9,
            "idPiezasCompradas": [],
            "historialCompras": []
        },
        "password": "gladys",
        "login": "gladys_comprador",
        "telefono": "12387544",
        "nombre": "gladys",
        "rol": "comprador"
    },
    {
        "verificado": true,
        "valores_especiales": {
            "maxCompras": 2.3456654E+8,
            "mora": false,
            "mensajesSubasta": [],
            "estadoCuenta": 1.2339484E+9,
            "idPiezasCompradas": [],
            "historialCompras": []
        },
        "password": "gladys",
        "login": "gladys_comprador",
        "telefono": "12387544",
        "nombre": "gladys",
        "rol": "comprador"
    },
    {
        "verificado": true,
        "valores_especiales": {
            "maxCompras": 2.3456654E+8,
            "mora": false,
            "mensajesSubasta": [],
            "estadoCuenta": 1.2339484E+9,
            "idPiezasCompradas": [],
            "historialCompras": []
        },
        "password": "gladys",
        "login": "gladys_comprador",
        "telefono": "12387544",
        "nombre": "gladys",
        "rol": "comprador"
    },
    {
        "verificado": true,
        "valores_especiales": {
            "maxCompras": 2.3456654E+8,
            "mora": false,
            "mensajesSubasta": [],
            "estadoCuenta": 1.2339484E+9,
            "idPiezasCompradas": [],
            "historialCompras": []
        },
        "password": "gladys",
        "login": "gladys_comprador",
        "telefono": "12387544",
        "nombre": "gladys",
        "rol": "comprador"
    },
    {
        "verificado": true,
        "valores_especiales": {
            "maxCompras": 2.3456654E+8,
            "mora": false,
            "mensajesSubasta": [],
            "estadoCuenta": 1.2339484E+9,
            "idPiezasCompradas": [],
            "historialCompras": []
        },
        "password": "gladys",
        "login": "gladys_comprador",
        "telefono": "12387544",
        "nombre": "gladys",
        "rol": "comprador"
    },
    {
        "verificado": true,
        "valores_especiales": {
            "maxCompras": 2.3456654E+8,
            "mora": false,
            "mensajesSubasta": [],
            "estadoCuenta": 1.2339484E+9,
            "idPiezasCompradas": [],
            "historialCompras": []
        },
        "password": "gladys",
        "login": "gladys_comprador",
        "telefono": "12387544",
        "nombre": "gladys",
        "rol": "comprador"
    },
    {
        "verificado": true,
        "valores_especiales": {
            "maxCompras": 2.3456654E+8,
            "mora": false,
            "mensajesSubasta": [],
            "estadoCuenta": 1.2339484E+9,
            "idPiezasCompradas": [],
            "historialCompras": []
        },
        "password": "gladys",
        "login": "gladys_comprador",
        "telefono": "12387544",
        "nombre": "gladys",
        "rol": "comprador"
    },
    {
        "verificado": true,
        "valores_especiales": {
            "maxCompras": 2.3456654E+8,
            "mora": false,
            "mensajesSubasta": [],
            "estadoCuenta": 1.2339484E+9,
            "idPiezasCompradas": [],
            "historialCompras": []
        },
        "password": "gladys",
        "login": "gladys_comprador",
        "telefono": "12387544",
        "nombre": "gladys",
        "rol": "comprador"
    },
    {
        "verificado": true,
        "valores_especiales": {
            "maxCompras": 2.3456654E+8,
            "mora": false,
            "mensajesSubasta": [],
            "estadoCuenta": 1.2339484E+9,
            "idPiezasCompradas": [],
            "historialCompras": []
        },
        "password": "gladys",
        "login": "gladys_comprador",
        "telefono": "12387544",
        "nombre": "gladys",
        "rol": "comprador"
    },
    {
        "verificado": true,
        "valores_especiales": {
            "maxCompras": 2.3456654E+8,
            "mora": false,
            "mensajesSubasta": [],
            "estadoCuenta": 1.2339484E+9,
            "idPiezasCompradas": [],
            "historialCompras": []
        },
        "password": "gladys",
        "login": "gladys_comprador",
        "telefono": "12387544",
        "nombre": "gladys",
        "rol": "comprador"
    },
    {
        "verificado": true,
        "valores_especiales": {
            "maxCompras": 2.3456654E+8,
            "mora": false,
            "mensajesSubasta": [],
            "estadoCuenta": 1.2339484E+9,
            "idPiezasCompradas": [],
            "historialCompras": []
        },
        "password": "gladys",
        "login": "gladys_comprador",
        "telefono": "12387544",
        "nombre": "gladys",
        "rol": "comprador"
    },
    {
        "verificado": true,
        "valores_especiales": {
            "maxCompras": 2.3456654E+8,
            "mora": false,
            "mensajesSubasta": [],
            "estadoCuenta": 1.2339484E+9,
            "idPiezasCompradas": [],
            "historialCompras": []
        },
        "password": "gladys",
        "login": "gladys_comprador",
        "telefono": "12387544",
        "nombre": "gladys",
        "rol": "comprador"
    },
    {
        "verificado": true,
        "valores_especiales": {
            "maxCompras": 2.3456654E+8,
            "mora": false,
            "mensajesSubasta": [],
            "estadoCuenta": 1.2339484E+9,
            "idPiezasCompradas": [],
            "historialCompras": []
        },
        "password": "gladys",
        "login": "gladys_comprador",
        "telefono": "12387544",
        "nombre": "gladys",
        "rol": "comprador"
    },
    {
        "verificado": true,
        "valores_especiales": {
            "maxCompras": 150000,
            "mora": false,
            "mensajesSubasta": [],
            "estadoCuenta": 0,
            "idPiezasCompradas": [],
            "historialCompras": []
        },
        "password": "$000",
        "login": "Sin_Plata_comprador",
        "telefono": "000000",
        "nombre": "No_money",
        "rol": "comprador"
    },
    {
        "verificado": false,
        "valores_especiales": {
            "idPiezasActuales": [],
            "historialPiezas": []
        },
        "password": "$000",
        "login": "Sin_Plata_propietario",
        "telefono": "000000",
        "nombre": "No_money",
        "rol": "propietario"
    },
    {
        "verificado": true,
        "valores_especiales": {
            "maxCompras": 2.3456654E+8,
            "mora": false,
            "mensajesSubasta": [],
            "estadoCuenta": 1.2339484E+9,
            "idPiezasCompradas": [],
            "historialCompras": []
        },
        "password": "gladys",
        "login": "gladys_comprador",
        "telefono": "12387544",
        "nombre": "gladys",
        "rol": "comprador"
    },
    {
        "verificado": true,
        "valores_especiales": {
            "maxCompras": 2.3456654E+8,
            "mora": false,
            "mensajesSubasta": [],
            "estadoCuenta": 1.2339484E+9,
            "idPiezasCompradas": [],
            "historialCompras": []
        },
        "password": "gladys",
        "login": "gladys_comprador",
        "telefono": "12387544",
        "nombre": "gladys",
        "rol": "comprador"
    },
    {
        "verificado": true,
        "valores_especiales": {
            "maxCompras": 2.3456654E+8,
            "mora": false,
            "mensajesSubasta": [],
            "estadoCuenta": 1.2339484E+9,
            "idPiezasCompradas": [],
            "historialCompras": []
        },
        "password": "gladys",
        "login": "gladys_comprador",
        "telefono": "12387544",
        "nombre": "gladys",
        "rol": "comprador"
    },
    {
        "verificado": true,
        "valores_especiales": {
            "maxCompras": 2.3456654E+8,
            "mora": false,
            "mensajesSubasta": [],
            "estadoCuenta": 1.2339484E+9,
            "idPiezasCompradas": [],
            "historialCompras": []
        },
        "password": "gladys",
        "login": "gladys_comprador",
        "telefono": "12387544",
        "nombre": "gladys",
        "rol": "comprador"
    },
    {
        "verificado": true,
        "valores_especiales": {
            "maxCompras": 2.3456654E+8,
            "mora": false,
            "mensajesSubasta": [],
            "estadoCuenta": 1.2339484E+9,
            "idPiezasCompradas": [],
            "historialCompras": []
        },
        "password": "gladys",
        "login": "gladys_comprador",
        "telefono": "12387544",
        "nombre": "gladys",
        "rol": "comprador"
    },
    {
        "verificado": true,
        "valores_especiales": {
            "maxCompras": 2.3456654E+8,
            "mora": false,
            "mensajesSubasta": [],
            "estadoCuenta": 1.2339484E+9,
            "idPiezasCompradas": [],
            "historialCompras": []
        },
        "password": "gladys",
        "login": "gladys_comprador",
        "telefono": "12387544",
        "nombre": "gladys",
        "rol": "comprador"
    },
    {
        "verificado": true,
        "valores_especiales": {
            "maxCompras": 2.3456654E+8,
            "mora": false,
            "mensajesSubasta": [],
            "estadoCuenta": 1.2339484E+9,
            "idPiezasCompradas": [],
            "historialCompras": []
        },
        "password": "gladys",
        "login": "gladys_comprador",
        "telefono": "12387544",
        "nombre": "gladys",
        "rol": "comprador"
    },
    {
        "verificado": true,
        "valores_especiales": {
            "maxCompras": 2.3456654E+8,
            "mora": false,
            "mensajesSubasta": [],
            "estadoCuenta": 1.2339484E+9,
            "idPiezasCompradas": [],
            "historialCompras": []
        },
        "password": "gladys",
        "login": "gladys_comprador",
        "telefono": "12387544",
        "nombre": "gladys",
        "rol": "comprador"
    },
    {
        "verificado": true,
        "valores_especiales": {
            "maxCompras": 2.3456654E+8,
            "mora": false,
            "mensajesSubasta": [],
            "estadoCuenta": 1.2339484E+9,
            "idPiezasCompradas": [],
            "historialCompras": []
        },
        "password": "gladys",
        "login": "gladys_comprador",
        "telefono": "12387544",
        "nombre": "gladys",
        "rol": "comprador"
    },
    {
        "verificado": true,
        "valores_especiales": {
            "maxCompras": 2.3456654E+8,
            "mora": false,
            "mensajesSubasta": [],
            "estadoCuenta": 1.2339484E+9,
            "idPiezasCompradas": [],
            "historialCompras": []
        },
        "password": "gladys",
        "login": "gladys_comprador",
        "telefono": "12387544",
        "nombre": "gladys",
        "rol": "comprador"
    },
    {
        "verificado": true,
        "valores_especiales": {
            "maxCompras": 2.3456654E+8,
            "mora": false,
            "mensajesSubasta": [],
            "estadoCuenta": 1.2339484E+9,
            "idPiezasCompradas": [],
            "historialCompras": []
        },
        "password": "gladys",
        "login": "gladys_comprador",
        "telefono": "12387544",
        "nombre": "gladys",
        "rol": "comprador"
    },
    {
        "verificado": true,
        "valores_especiales": {
            "maxCompras": 2.3456654E+8,
            "mora": false,
            "mensajesSubasta": [],
            "estadoCuenta": 1.2339484E+9,
            "idPiezasCompradas": [],
            "historialCompras": []
        },
        "password": "gladys",
        "login": "gladys_comprador",
        "telefono": "12387544",
        "nombre": "gladys",
        "rol": "comprador"
    },
    {
        "verificado": true,
        "valores_especiales": {
            "maxCompras": 2.3456654E+8,
            "mora": false,
            "mensajesSubasta": [],
            "estadoCuenta": 1.2339484E+9,
            "idPiezasCompradas": [],
            "historialCompras": []
        },
        "password": "gladys",
        "login": "gladys_comprador",
        "telefono": "12387544",
        "nombre": "gladys",
        "rol": "comprador"
    },
    {
        "verificado": true,
        "valores_especiales": {
            "maxCompras": 2.3456654E+8,
            "mora": false,
            "mensajesSubasta": [],
            "estadoCuenta": 1.2339484E+9,
            "idPiezasCompradas": [],
            "historialCompras": []
        },
        "password": "gladys",
        "login": "gladys_comprador",
        "telefono": "12387544",
        "nombre": "gladys",
        "rol": "comprador"
    },
    {
        "verificado": true,
        "valores_especiales": {
            "maxCompras": 2.3456654E+8,
            "mora": false,
            "mensajesSubasta": [],
            "estadoCuenta": 1.2339484E+9,
            "idPiezasCompradas": [],
            "historialCompras": []
        },
        "password": "gladys",
        "login": "gladys_comprador",
        "telefono": "12387544",
        "nombre": "gladys",
        "rol": "comprador"
    },
    {
        "verificado": true,
        "valores_especiales": {
            "maxCompras": 2.3456654E+8,
            "mora": false,
            "mensajesSubasta": [],
            "estadoCuenta": 1.2339484E+9,
            "idPiezasCompradas": [],
            "historialCompras": []
        },
        "password": "gladys",
        "login": "gladys_comprador",
        "telefono": "12387544",
        "nombre": "gladys",
        "rol": "comprador"
    },
    {
        "verificado": true,
        "valores_especiales": {
            "maxCompras": 2.3456654E+8,
            "mora": false,
            "mensajesSubasta": [],
            "estadoCuenta": 1.2339484E+9,
            "idPiezasCompradas": [],
            "historialCompras": []
        },
        "password": "gladys",
        "login": "gladys_comprador",
        "telefono": "12387544",
        "nombre": "gladys",
        "rol": "comprador"
    },
    {
        "verificado": true,
        "valores_especiales": {
            "maxCompras": 2.3456654E+8,
            "mora": false,
            "mensajesSubasta": [],
            "estadoCuenta": 1.2339484E+9,
            "idPiezasCompradas": [],
            "historialCompras": []
        },
        "password": "gladys",
        "login": "gladys_comprador",
        "telefono": "12387544",
        "nombre": "gladys",
        "rol": "comprador"
    },
    {
        "verificado": true,
        "valores_especiales": {
            "maxCompras": 2.3456654E+8,
            "mora": false,
            "mensajesSubasta": [],
            "estadoCuenta": 1.2339484E+9,
            "idPiezasCompradas": [],
            "historialCompras": []
        },
        "password": "gladys",
        "login": "gladys_comprador",
        "telefono": "12387544",
        "nombre": "gladys",
        "rol": "comprador"
    },
    {
        "verificado": true,
        "valores_especiales": {
            "maxCompras": 2.3456654E+8,
            "mora": false,
            "mensajesSubasta": [],
            "estadoCuenta": 1.2339484E+9,
            "idPiezasCompradas": [],
            "historialCompras": []
        },
        "password": "gladys",
        "login": "gladys_comprador",
        "telefono": "12387544",
        "nombre": "gladys",
        "rol": "comprador"
    },
    {
        "verificado": true,
        "valores_especiales": {
            "idPiezasActuales": [],
            "historialPiezas": []
        },
        "password": "Admin",
        "login": "bri_propietario",
        "telefono": "234566",
        "nombre": "bri",
        "rol": "propietario"
    },
    {
        "verificado": true,
        "valores_especiales": {
            "maxCompras": 2.3456654E+8,
            "mora": false,
            "mensajesSubasta": [],
            "estadoCuenta": 1.2339484E+9,
            "idPiezasCompradas": [],
            "historialCompras": []
        },
        "password": "gladys",
        "login": "gladys_comprador",
        "telefono": "12387544",
        "nombre": "gladys",
        "rol": "comprador"
    },
    {
        "verificado": true,
        "valores_especiales": {
            "idPiezasActuales": [],
            "historialPiezas": []
        },
        "password": "Admin",
        "login": "bri_propietario",
        "telefono": "234566",
        "nombre": "bri",
        "rol": "propietario"
    },
    {
        "verificado": true,
        "valores_especiales": {
            "maxCompras": 2.3456654E+8,
            "mora": false,
            "mensajesSubasta": [],
            "estadoCuenta": 1.2339484E+9,
            "idPiezasCompradas": [],
            "historialCompras": []
        },
        "password": "gladys",
        "login": "gladys_comprador",
        "telefono": "12387544",
        "nombre": "gladys",
        "rol": "comprador"
    },
    {
        "verificado": true,
        "valores_especiales": {
            "maxCompras": 2.3456654E+8,
            "mora": false,
            "mensajesSubasta": [],
            "estadoCuenta": 1.2339484E+9,
            "idPiezasCompradas": [],
            "historialCompras": []
        },
        "password": "gladys",
        "login": "gladys_comprador",
        "telefono": "12387544",
        "nombre": "gladys",
        "rol": "comprador"
    },
    {
        "verificado": true,
        "valores_especiales": {
            "maxCompras": 2.3456654E+8,
            "mora": false,
            "mensajesSubasta": [],
            "estadoCuenta": 1.2339484E+9,
            "idPiezasCompradas": [],
            "historialCompras": []
        },
        "password": "gladys",
        "login": "gladys_comprador",
        "telefono": "12387544",
        "nombre": "gladys",
        "rol": "comprador"
    },
    {
        "verificado": true,
        "valores_especiales": {
            "maxCompras": 2.3456654E+8,
            "mora": false,
            "mensajesSubasta": [],
            "estadoCuenta": 1.2339484E+9,
            "idPiezasCompradas": [],
            "historialCompras": []
        },
        "password": "gladys",
        "login": "gladys_comprador",
        "telefono": "12387544",
        "nombre": "gladys",
        "rol": "comprador"
    },
    {
        "verificado": true,
        "valores_especiales": {
            "maxCompras": 2.3456654E+8,
            "mora": false,
            "mensajesSubasta": [],
            "estadoCuenta": 1.2339484E+9,
            "idPiezasCompradas": [],
            "historialCompras": []
        },
        "password": "gladys",
        "login": "gladys_comprador",
        "telefono": "12387544",
        "nombre": "gladys",
        "rol": "comprador"
    },
    {
        "verificado": true,
        "valores_especiales": {
            "maxCompras": 2.3456654E+8,
            "mora": false,
            "mensajesSubasta": [],
            "estadoCuenta": 1.2339484E+9,
            "idPiezasCompradas": [],
            "historialCompras": []
        },
        "password": "gladys",
        "login": "gladys_comprador",
        "telefono": "12387544",
        "nombre": "gladys",
        "rol": "comprador"
    },
    {
        "verificado": true,
        "valores_especiales": {
            "maxCompras": 2.3456654E+8,
            "mora": false,
            "mensajesSubasta": [],
            "estadoCuenta": 1.2339484E+9,
            "idPiezasCompradas": [],
            "historialCompras": []
        },
        "password": "gladys",
        "login": "gladys_comprador",
        "telefono": "12387544",
        "nombre": "gladys",
        "rol": "comprador"
    },
    {
        "verificado": true,
        "valores_especiales": {
            "maxCompras": 2.3456654E+8,
            "mora": false,
            "mensajesSubasta": [],
            "estadoCuenta": 1.2339484E+9,
            "idPiezasCompradas": [],
            "historialCompras": []
        },
        "password": "gladys",
        "login": "gladys_comprador",
        "telefono": "12387544",
        "nombre": "gladys",
        "rol": "comprador"
    },
    {
        "verificado": true,
        "valores_especiales": {
            "maxCompras": 3.58935953E+14,
            "mora": false,
            "mensajesSubasta": [],
            "estadoCuenta": 1.23456794E+18,
            "idPiezasCompradas": [],
            "historialCompras": []
        },
        "password": "gabriela",
        "login": "gabriela_comprador",
        "telefono": "12657654",
        "nombre": "gabriela",
        "rol": "comprador"
    },
    {
        "verificado": true,
        "valores_especiales": {
            "maxCompras": 234566544,
            "mora": false,
            "mensajesSubasta": [],
            "estadoCuenta": 1.23394842E+9,
            "idPiezasCompradas": [],
            "historialCompras": []
        },
        "password": "amelia",
        "login": "amelia_comprador",
        "telefono": "12387544",
        "nombre": "amelia",
        "rol": "comprador"
    },
    {
        "verificado": true,
        "valores_especiales": {
            "maxCompras": 1.2367777E+29,
            "mora": false,
            "mensajesSubasta": [],
            "estadoCuenta": 3.00000003E+15,
            "idPiezasCompradas": [],
            "historialCompras": []
        },
        "password": "sara",
        "login": "sara_comprador",
        "telefono": "123456781",
        "nombre": "sara",
        "rol": "comprador"
    },
    {
        "verificado": false,
        "valores_especiales": {
            "idPiezasActuales": [],
            "historialPiezas": []
        },
        "password": "sara",
        "login": "sara_propietario",
        "telefono": "123456781",
        "nombre": "sara",
        "rol": "propietario"
    },
    {
        "verificado": false,
        "valores_especiales": {
            "idPiezasActuales": [],
            "historialPiezas": []
        },
        "password": "gabriela",
        "login": "gabriela_propietario",
        "telefono": "12657654",
        "nombre": "gabriela",
        "rol": "propietario"
    },
    {
        "verificado": true,
        "valores_especiales": {
            "maxCompras": 0,
            "mora": false,
            "mensajesSubasta": [],
            "estadoCuenta": 3.077556E+7,
            "idPiezasCompradas": [],
            "historialCompras": [{
                "metodoPago": "tarjeta",
                "fecha": "03/06/2024",
                "precio": 300100,
                "nombrepieza": "La Venus de Milo",
                "compradorLogin": "briceno_comprador"
            }],
            "idPiezasCoompradas": ["La Venus de Milo"]
        },
        "password": "briceno",
        "login": "briceno_comprador",
        "telefono": "234323678",
        "nombre": "briceno",
        "rol": "comprador"
    },
    {
        "verificado": false,
        "valores_especiales": {
            "idPiezasActuales": [],
            "historialPiezas": []
        },
        "password": "alejandra",
        "login": "alejandra_propietario",
        "telefono": "12345432167",
        "nombre": "alejandra",
        "rol": "propietario"
    },
    {
        "verificado": false,
        "valores_especiales": {
            "idPiezasActuales": [],
            "historialPiezas": []
        },
        "password": "briceno",
        "login": "briceno_propietario",
        "telefono": "234323678",
        "nombre": "briceno",
        "rol": "propietario"
    },
    {
        "verificado": true,
        "valores_especiales": {
            "maxCompras": 800000,
            "mora": false,
            "mensajesSubasta": [],
            "estadoCuenta": 293939,
            "idPiezasCompradas": [],
            "historialCompras": []
        },
        "password": "contraseña",
        "login": "prueba_comprador",
        "telefono": "272838",
        "nombre": "Alguien",
        "rol": "comprador"
    },
    {
        "verificado": false,
        "valores_especiales": {
            "idPiezasActuales": [],
            "historialPiezas": []
        },
        "password": "contraseña",
        "login": "prueba_propietario",
        "telefono": "272838",
        "nombre": "Alguien",
        "rol": "propietario"
    },
    {
        "verificado": true,
        "valores_especiales": {
            "maxCompras": 3.983444E24,
            "mora": false,
            "mensajesSubasta": [],
            "estadoCuenta": 4.0E18,
            "idPiezasCompradas": [],
            "historialCompras": [{
                "metodoPago": "efectivo",
                "fecha": "30/08/2024",
                "precio": 7000,
                "nombrepieza": "El grito",
                "compradorLogin": "nikol_comprador"
            }],
            "idPiezasCoompradas": [
                "Las meninas",
                "La monalisa",
                "El grito"
            ]
        },
        "password": "N1k0l%",
        "login": "nikol_comprador",
        "telefono": "3144676533",
        "nombre": "nikol",
        "rol": "comprador"
    },
    {
        "verificado": false,
        "valores_especiales": {
            "idPiezasActuales": [],
            "historialPiezas": []
        },
        "password": "alejandra",
        "login": "alejandra_propietario",
        "telefono": "12345432167",
        "nombre": "alejandra",
        "rol": "propietario"
    },
    {
        "verificado": true,
        "valores_especiales": {
            "idPiezasActuales": [],
            "historialPiezas": []
        },
        "password": "N1k0l%",
        "login": "nikol_propietario",
        "telefono": "3144676533",
        "nombre": "nikol",
        "rol": "propietario"
    }
]}